route_long_name,route_type,route_text_color,route_color,agency_id,route_id,route_url,route_desc,route_short_name
Hastings St,3,FFFFFF,008522,TL,37807,https://translink.ca/schedules-and-maps/route/R5/direction/0/schedule?utm_source=referral&utm_medium=google+maps&utm_campaign=gtfs&utm_content=schedules_route&utm_term=R5,,R5
Coquitlam Central Station/Lafarge Park,3,,,TL,30051,https://translink.ca/schedules-and-maps/route/189/direction/0/schedule?utm_source=referral&utm_medium=google+maps&utm_campaign=gtfs&utm_content=schedules_route&utm_term=189,,189
Coquitlam Central Station/Parkway,3,,,TL,30050,https://translink.ca/schedules-and-maps/route/187/direction/0/schedule?utm_source=referral&utm_medium=google+maps&utm_campaign=gtfs&utm_content=schedules_route&utm_term=187,,187
Expo Line,1,FFFFFF,0033a0,TL,30053,https://translink.ca/schedules-and-maps/line/expo-line/direction/0/schedule?utm_source=referral&utm_medium=google+maps&utm_campaign=gtfs&utm_content=schedules_line&utm_term=expo-line,,
Millennium Line,1,333333,ffcd00,TL,30052,https://translink.ca/schedules-and-maps/line/millennium-line/direction/0/schedule?utm_source=referral&utm_medium=google+maps&utm_campaign=gtfs&utm_content=schedules_line&utm_term=millennium-line,,
Pacific,3,,,TL,30055,https://translink.ca/schedules-and-maps/route/23/direction/0/schedule?utm_source=referral&utm_medium=google+maps&utm_campaign=gtfs&utm_content=schedules_route&utm_term=23,,023
Murrayville/Langley Centre,3,,,TL,34044,https://translink.ca/schedules-and-maps/route/560/direction/0/schedule?utm_source=referral&utm_medium=google+maps&utm_campaign=gtfs&utm_content=schedules_route&utm_term=560,,560
Kingsway,3,,,TL,32799,https://translink.ca/schedules-and-maps/route/119/direction/0/schedule?utm_source=referral&utm_medium=google+maps&utm_campaign=gtfs&utm_content=schedules_route&utm_term=119,,119
Brighouse Station/Two Road,3,,,TL,6723,https://translink.ca/schedules-and-maps/route/402/direction/0/schedule?utm_source=referral&utm_medium=google+maps&utm_campaign=gtfs&utm_content=schedules_route&utm_term=402,,402
Brighouse Station/One Road,3,,,TL,6722,https://translink.ca/schedules-and-maps/route/401/direction/0/schedule?utm_source=referral&utm_medium=google+maps&utm_campaign=gtfs&utm_content=schedules_route&utm_term=401,,401
Langley Centre/King George Station,3,,,TL,6721,https://translink.ca/schedules-and-maps/route/395/direction/0/schedule?utm_source=referral&utm_medium=google+maps&utm_campaign=gtfs&utm_content=schedules_route&utm_term=395,,395
White Rock Centre/King George Station,3,,,TL,6720,https://translink.ca/schedules-and-maps/route/394/direction/0/schedule?utm_source=referral&utm_medium=google+maps&utm_campaign=gtfs&utm_content=schedules_route&utm_term=394,,394
Gilbert/Bridgeport,3,,,TL,6727,https://translink.ca/schedules-and-maps/route/407/direction/0/schedule?utm_source=referral&utm_medium=google+maps&utm_campaign=gtfs&utm_content=schedules_route&utm_term=407,,407
Five Road/Cambie,3,,,TL,6726,https://translink.ca/schedules-and-maps/route/405/direction/0/schedule?utm_source=referral&utm_medium=google+maps&utm_campaign=gtfs&utm_content=schedules_route&utm_term=405,,405
Brighouse Station/Four Road,3,,,TL,6725,https://translink.ca/schedules-and-maps/route/404/direction/0/schedule?utm_source=referral&utm_medium=google+maps&utm_campaign=gtfs&utm_content=schedules_route&utm_term=404,,404
Bridgeport Station/Three Road,3,,,TL,6724,https://translink.ca/schedules-and-maps/route/403/direction/0/schedule?utm_source=referral&utm_medium=google+maps&utm_campaign=gtfs&utm_content=schedules_route&utm_term=403,,403
Haney Place/Cottonwood,3,,,TL,34042,https://translink.ca/schedules-and-maps/route/745/direction/0/schedule?utm_source=referral&utm_medium=google+maps&utm_campaign=gtfs&utm_content=schedules_route&utm_term=745,,745
Brighouse Station/22nd St Station,3,,,TL,6728,https://translink.ca/schedules-and-maps/route/410/direction/0/schedule?utm_source=referral&utm_medium=google+maps&utm_campaign=gtfs&utm_content=schedules_route&utm_term=410,,410
Fraser,3,,,TL,6840,https://translink.ca/schedules-and-maps/route/N8/direction/0/schedule?utm_source=referral&utm_medium=google+maps&utm_campaign=gtfs&utm_content=schedules_route&utm_term=N8,,N8
Haney Place/Albion,3,,,TL,34043,https://translink.ca/schedules-and-maps/route/746/direction/0/schedule?utm_source=referral&utm_medium=google+maps&utm_campaign=gtfs&utm_content=schedules_route&utm_term=746,,746
Broadway-Lougheed,3,,,TL,6841,https://translink.ca/schedules-and-maps/route/N9/direction/0/schedule?utm_source=referral&utm_medium=google+maps&utm_campaign=gtfs&utm_content=schedules_route&utm_term=N9,,N9
North Fraser Way,3,,,TL,6648,https://translink.ca/schedules-and-maps/route/116/direction/0/schedule?utm_source=referral&utm_medium=google+maps&utm_campaign=gtfs&utm_content=schedules_route&utm_term=116,,116
Canada Way,3,,,TL,6649,https://translink.ca/schedules-and-maps/route/123/direction/0/schedule?utm_source=referral&utm_medium=google+maps&utm_campaign=gtfs&utm_content=schedules_route&utm_term=123,,123
22nd St Station/Annacis Island,3,,,TL,6644,https://translink.ca/schedules-and-maps/route/104/direction/0/schedule?utm_source=referral&utm_medium=google+maps&utm_campaign=gtfs&utm_content=schedules_route&utm_term=104,,104
6th Street,3,,,TL,6645,https://translink.ca/schedules-and-maps/route/106/direction/0/schedule?utm_source=referral&utm_medium=google+maps&utm_campaign=gtfs&utm_content=schedules_route&utm_term=106,,106
Lougheed Station/Metrotown Station,3,,,TL,6646,https://translink.ca/schedules-and-maps/route/110/direction/0/schedule?utm_source=referral&utm_medium=google+maps&utm_campaign=gtfs&utm_content=schedules_route&utm_term=110,,110
12th Street,3,,,TL,6647,https://translink.ca/schedules-and-maps/route/112/direction/0/schedule?utm_source=referral&utm_medium=google+maps&utm_campaign=gtfs&utm_content=schedules_route&utm_term=112,,112
Broadway B-Line,3,FFFFFF,d04110,TL,6641,https://translink.ca/schedules-and-maps/route/99/direction/0/schedule?utm_source=referral&utm_medium=google+maps&utm_campaign=gtfs&utm_content=schedules_route&utm_term=99,,099
Marine Drive,3,,,TL,6642,https://translink.ca/schedules-and-maps/route/100/direction/0/schedule?utm_source=referral&utm_medium=google+maps&utm_campaign=gtfs&utm_content=schedules_route&utm_term=100,,100
Lougheed Station/22nd St Station,3,,,TL,6643,https://translink.ca/schedules-and-maps/route/101/direction/0/schedule?utm_source=referral&utm_medium=google+maps&utm_campaign=gtfs&utm_content=schedules_route&utm_term=101,,101
South Delta Exchange/Boundary Bay,3,,,TL,6844,https://translink.ca/schedules-and-maps/route/619/direction/0/schedule?utm_source=referral&utm_medium=google+maps&utm_campaign=gtfs&utm_content=schedules_route&utm_term=619,,619
English Bluff/South Delta Exchange,3,,,TL,6843,https://translink.ca/schedules-and-maps/route/614/direction/0/schedule?utm_source=referral&utm_medium=google+maps&utm_campaign=gtfs&utm_content=schedules_route&utm_term=614,,614
Coquitlam Central Station/Lansdowne,3,,,TL,30048,https://translink.ca/schedules-and-maps/route/185/direction/0/schedule?utm_source=referral&utm_medium=google+maps&utm_campaign=gtfs&utm_content=schedules_route&utm_term=185,,185
Coquitlam Central Station/Hampton Park,3,,,TL,30049,https://translink.ca/schedules-and-maps/route/186/direction/0/schedule?utm_source=referral&utm_medium=google+maps&utm_campaign=gtfs&utm_content=schedules_route&utm_term=186,,186
Coquitlam Central Station/Buntzen Lake,3,,,TL,30042,https://translink.ca/schedules-and-maps/route/179/direction/0/schedule?utm_source=referral&utm_medium=google+maps&utm_campaign=gtfs&utm_content=schedules_route&utm_term=179,,179
Moody Centre Station/Lougheed Station,3,,,TL,30043,https://translink.ca/schedules-and-maps/route/180/direction/0/schedule?utm_source=referral&utm_medium=google+maps&utm_campaign=gtfs&utm_content=schedules_route&utm_term=180,,180
Marine Dr Express,3,,,TL,45596,https://translink.ca/schedules-and-maps/route/80/direction/0/schedule?utm_source=referral&utm_medium=google+maps&utm_campaign=gtfs&utm_content=schedules_route&utm_term=80,,080
Coquitlam Central Station/Meridian,3,,,TL,30041,https://translink.ca/schedules-and-maps/route/175/direction/0/schedule?utm_source=referral&utm_medium=google+maps&utm_campaign=gtfs&utm_content=schedules_route&utm_term=175,,175
Moody Centre Station/Coquitlam Central Station,3,,,TL,30046,https://translink.ca/schedules-and-maps/route/183/direction/0/schedule?utm_source=referral&utm_medium=google+maps&utm_campaign=gtfs&utm_content=schedules_route&utm_term=183,,183
Moody Centre Station/Noons Creek,3,,,TL,30047,https://translink.ca/schedules-and-maps/route/184/direction/0/schedule?utm_source=referral&utm_medium=google+maps&utm_campaign=gtfs&utm_content=schedules_route&utm_term=184,,184
Moody Centre Station/Ioco,3,,,TL,30044,https://translink.ca/schedules-and-maps/route/181/direction/0/schedule?utm_source=referral&utm_medium=google+maps&utm_campaign=gtfs&utm_content=schedules_route&utm_term=181,,181
Moody Centre Station/Belcarra,3,,,TL,30045,https://translink.ca/schedules-and-maps/route/182/direction/0/schedule?utm_source=referral&utm_medium=google+maps&utm_campaign=gtfs&utm_content=schedules_route&utm_term=182,,182
Harbourside/Lonsdale Quay,3,,,TL,18213,https://translink.ca/schedules-and-maps/route/231/direction/0/schedule?utm_source=referral&utm_medium=google+maps&utm_campaign=gtfs&utm_content=schedules_route&utm_term=231,,231
116 Street,3,,,TL,6718,https://translink.ca/schedules-and-maps/route/391/direction/0/schedule?utm_source=referral&utm_medium=google+maps&utm_campaign=gtfs&utm_content=schedules_route&utm_term=391,,391
128 Street,3,,,TL,6719,https://translink.ca/schedules-and-maps/route/393/direction/0/schedule?utm_source=referral&utm_medium=google+maps&utm_campaign=gtfs&utm_content=schedules_route&utm_term=393,,393
White Rock Centre/Bridgeport Station,3,,,TL,6716,https://translink.ca/schedules-and-maps/route/352/direction/0/schedule?utm_source=referral&utm_medium=google+maps&utm_campaign=gtfs&utm_content=schedules_route&utm_term=352,,352
White Rock South/Bridgeport Station,3,,,TL,6717,https://translink.ca/schedules-and-maps/route/354/direction/0/schedule?utm_source=referral&utm_medium=google+maps&utm_campaign=gtfs&utm_content=schedules_route&utm_term=354,,354
152 Street,3,,,TL,6714,https://translink.ca/schedules-and-maps/route/345/direction/0/schedule?utm_source=referral&utm_medium=google+maps&utm_campaign=gtfs&utm_content=schedules_route&utm_term=345,,345
White Rock Centre/Bridgeport Station,3,,,TL,6715,https://translink.ca/schedules-and-maps/route/351/direction/0/schedule?utm_source=referral&utm_medium=google+maps&utm_campaign=gtfs&utm_content=schedules_route&utm_term=351,,351
