block_id,bikes_allowed,route_id,wheelchair_accessible,direction_id,trip_headsign,shape_id,service_id,trip_id,trip_short_name
b_2186991,1,30047,0,1,184 Moody Centre Station,317712,2_merged_15529702,15237299,
b_2187041,1,30047,0,1,184 Moody Centre Station,317712,2_merged_15529702,15237298,
b_2187042,1,30047,0,1,184 Moody Centre Station,317712,2_merged_15529702,15237293,
b_2187000,1,30047,0,1,184 Moody Centre Station,317712,2_merged_15529702,15237292,
b_2187040,1,30047,0,1,184 Moody Centre Station,317712,2_merged_15529702,15237291,
b_2187040,1,30047,0,0,184 Noons Creek,317711,2_merged_15529702,15237290,
b_2187000,1,30047,0,1,184 Moody Centre Station,317712,2_merged_15529702,15237297,
b_2187040,1,30047,0,1,184 Moody Centre Station,317712,2_merged_15529702,15237296,
b_2187000,1,30047,0,1,184 Moody Centre Station,317712,2_merged_15529702,15237295,
b_2187040,1,30047,0,1,184 Moody Centre Station,317712,2_merged_15529702,15237294,
a_2169671,1,38311,0,0,R2 Marine Drive/To Phibbs Exchange,313447,2_merged_15529680,14971743,
a_2169675,1,38311,0,0,R2 Marine Drive/To Phibbs Exchange,313447,2_merged_15529680,14971742,
a_2169608,1,38311,0,0,R2 Marine Drive/To Phibbs Exchange,313447,2_merged_15529680,14971741,
a_2169674,1,38311,0,0,R2 Marine Drive/To Phibbs Exchange,313447,2_merged_15529680,14971740,
a_2169672,1,38311,0,0,R2 Marine Drive/To Phibbs Exchange,313447,2_merged_15529680,14971747,
a_2169607,1,38311,0,0,R2 Marine Drive/To Phibbs Exchange,313447,2_merged_15529680,14971746,
a_2169673,1,38311,0,0,R2 Marine Drive/To Phibbs Exchange,313447,2_merged_15529680,14971745,
a_2169609,1,38311,0,0,R2 Marine Drive/To Phibbs Exchange,313447,2_merged_15529680,14971744,
a_2169608,1,38311,0,0,R2 Marine Drive/To Phibbs Exchange,313447,2_merged_15529680,14971749,
a_2169674,1,38311,0,0,R2 Marine Drive/To Phibbs Exchange,313447,2_merged_15529680,14971748,
b_2186870,1,6668,0,1,169 Braid Station,317671,2_merged_15529702,15234920,
b_2186869,1,6668,0,1,169 Braid Station,317671,2_merged_15529702,15234921,
b_2186870,1,6668,0,1,169 Braid Station,317671,2_merged_15529702,15234922,
b_2186869,1,6668,0,1,169 Braid Station,317671,2_merged_15529702,15234923,
b_2186870,1,6668,0,1,169 Braid Station,317671,2_merged_15529702,15234924,
b_2186869,1,6668,0,1,169 Braid Station,317671,2_merged_15529702,15234925,
b_2186870,1,6668,0,1,169 Braid Station,317671,2_merged_15529702,15234926,
b_2186869,1,6668,0,1,169 Braid Station,317671,2_merged_15529702,15234927,
b_2186870,1,6668,0,1,169 Braid Station,317671,2_merged_15529702,15234928,
b_2186871,1,6668,0,1,169 Braid Station,317671,2_merged_15529702,15234929,
a_2167494,1,30048,0,0,185 Lansdowne,312713,2_merged_15529680,14938876,
a_2167493,1,30048,0,0,185 Lansdowne,312713,2_merged_15529680,14938877,
a_2167492,1,30048,0,0,185 Lansdowne,312713,2_merged_15529680,14938874,
a_2167459,1,30048,0,0,185 Lansdowne,312713,2_merged_15529680,14938875,
a_2167493,1,30048,0,0,185 Lansdowne,312713,2_merged_15529680,14938872,
a_2167450,1,30048,0,0,185 Lansdowne,312713,2_merged_15529680,14938873,
a_2167450,1,30048,0,0,185 Lansdowne,312713,2_merged_15529680,14938870,
a_2167492,1,30048,0,0,185 Lansdowne,312713,2_merged_15529680,14938871,
b_2185714,1,6622,0,0,16 29th Ave Station,317366,1_merged_15529700,15215759,
a_2167450,1,30048,0,0,185 Lansdowne,312713,2_merged_15529680,14938878,
a_2167492,1,30048,0,0,185 Lansdowne,312713,2_merged_15529680,14938879,
a_2169109,1,13686,0,1,Canada Line To Richmond-Brighouse,313356,1_merged_15529678,14965199,
a_2169118,1,13686,0,1,Canada Line To YVR-Airport,313357,1_merged_15529678,14965198,
a_2169111,1,13686,0,1,Canada Line To Richmond-Brighouse,313356,1_merged_15529678,14965193,
a_2169104,1,13686,0,1,Canada Line To YVR-Airport,313357,1_merged_15529678,14965192,
a_2169105,1,13686,0,1,Canada Line To Richmond-Brighouse,313356,1_merged_15529678,14965191,
a_2169114,1,13686,0,1,Canada Line To YVR-Airport,313357,1_merged_15529678,14965190,
a_2169119,1,13686,0,1,Canada Line To Richmond-Brighouse,313356,1_merged_15529678,14965197,
a_2169110,1,13686,0,1,Canada Line To YVR-Airport,313357,1_merged_15529678,14965196,
a_2169112,1,13686,0,1,Canada Line To Richmond-Brighouse,313356,1_merged_15529678,14965195,
a_2169120,1,13686,0,1,Canada Line To YVR-Airport,313357,1_merged_15529678,14965194,
b_2189577,1,53125,0,1,29th Ave Station Express,318489,291603,15278399,
a_2169123,1,13686,0,0,Canada Line To Waterfront,313352,1_merged_15529678,14964820,
a_2169122,1,13686,0,0,Canada Line To Waterfront,313353,1_merged_15529678,14964821,
a_2169119,1,13686,0,0,Canada Line To Waterfront,313352,1_merged_15529678,14964822,
a_2169118,1,13686,0,0,Canada Line To Waterfront,313353,1_merged_15529678,14964823,
a_2169109,1,13686,0,0,Canada Line To Waterfront,313352,1_merged_15529678,14964824,
a_2169108,1,13686,0,0,Canada Line To Waterfront,313353,1_merged_15529678,14964825,
a_2169117,1,13686,0,0,Canada Line To Waterfront,313352,1_merged_15529678,14964826,
a_2169106,1,13686,0,0,Canada Line To Waterfront,313353,1_merged_15529678,14964827,
a_2169115,1,13686,0,0,Canada Line To Waterfront,313352,1_merged_15529678,14964828,
a_2169114,1,13686,0,0,Canada Line To Waterfront,313353,1_merged_15529678,14964829,
a_2166505,1,6680,0,0,236 Grouse Mountain,312802,2_merged_15529680,14942549,
a_2167663,1,6680,0,0,236 Grouse Mountain,312802,2_merged_15529680,14942548,
a_2167534,1,6680,0,1,236 Lonsdale Quay,312804,1_merged_15529678,14942547,
a_2167668,1,6680,0,1,236 Lonsdale Quay,312804,1_merged_15529678,14942546,
a_2167639,1,6680,0,1,236 Lonsdale Quay,312804,1_merged_15529678,14942545,
a_2167539,1,6680,0,1,236 Lonsdale Quay,312804,1_merged_15529678,14942544,
a_2167700,1,6680,0,1,236 Lonsdale Quay,312804,1_merged_15529678,14942543,
a_2176660,1,6680,0,1,236 Lonsdale Quay,312804,1_merged_15529678,14942542,
a_2167529,1,6680,0,1,236 Lonsdale Quay,312804,1_merged_15529678,14942541,
a_2167536,1,6680,0,1,236 Lonsdale Quay,312804,1_merged_15529678,14942540,
b_2185567,1,6619,0,0,9 Broadway/To Boundary Loop,317297,3_merged_15529701,15214098,
b_2185570,1,6619,0,0,9 Broadway/To Boundary Loop,317297,3_merged_15529701,15214099,
b_2185571,1,6619,0,0,9 Broadway/To Boundary Loop,317297,3_merged_15529701,15214092,
b_2185574,1,6619,0,0,9 Broadway/To Boundary Loop,317297,3_merged_15529701,15214093,
b_2185575,1,6619,0,0,9 Broadway/To Boundary Loop,317297,3_merged_15529701,15214090,
b_2185565,1,6619,0,0,9 Broadway/To Boundary Loop,317297,3_merged_15529701,15214091,
b_2185568,1,6619,0,0,9 Broadway/To Boundary Loop,317297,3_merged_15529701,15214096,
b_2185573,1,6619,0,0,9 Broadway/To Boundary Loop,317297,3_merged_15529701,15214097,
b_2185569,1,6619,0,0,9 Broadway/To Boundary Loop,317297,3_merged_15529701,15214094,
b_2185576,1,6619,0,0,9 Broadway/To Boundary Loop,317297,3_merged_15529701,15214095,
a_2167764,1,6692,0,0,255 Capilano University - via 15th St & Lonsdale,312874,2_merged_15529680,15287041,
a_2167762,1,6692,0,0,255 Capilano University - via 15th St & Lonsdale,312874,2_merged_15529680,15287040,
a_2167762,1,6692,0,1,255 Dundarave - To 25th & Marine,312878,2_merged_15529680,15287043,
a_2167761,1,6692,0,1,255 Dundarave - To 25th & Marine,312877,2_merged_15529680,15287042,
a_2167761,1,6692,0,1,255 Dundarave - To 25th & Marine,312878,2_merged_15529680,15287045,
a_2167765,1,6692,0,1,255 Dundarave - To 25th & Marine,312878,2_merged_15529680,15287044,
a_2167762,1,6692,0,1,255 Dundarave - To 25th & Marine,312878,2_merged_15529680,15287047,
a_2167752,1,6692,0,1,255 Dundarave - To 25th & Marine,312878,2_merged_15529680,15287046,
a_2167761,1,6692,0,1,255 Dundarave - To 25th & Marine,312878,2_merged_15529680,15287049,
a_2167765,1,6692,0,1,255 Dundarave - To 25th & Marine,312878,2_merged_15529680,15287048,
b_2189191,1,37809,0,0,R3 Lougheed Hwy To Haney Place,318462,3_merged_15529701,15271230,
b_2189090,1,6771,0,0,SeaBus Northbound To Lonsdale Quay,318418,2_merged_15529702,15269107,
b_2185884,1,6626,0,1,22 Knight/To Downtown,317449,1_merged_15529700,15218258,
b_2185891,1,6626,0,1,22 Knight/To Downtown,317449,1_merged_15529700,15218259,
b_2186468,1,6796,0,1,105 New West Station,317554,1_merged_15529700,15226669,
b_2186956,1,30051,0,1,189 Coquitlam Central Station,317722,1_merged_15529700,15238408,
b_2185891,1,6626,0,1,22 Knight/To Downtown,317445,1_merged_15529700,15218255,
