trip_id,arrival_time,departure_time,stop_id,stop_sequence,stop_headsign,pickup_type,drop_off_type,shape_dist_traveled,timepoint
15237299,19:26:00,19:26:00,9179,1,,,,,1
15237299,19:26:32,19:26:32,9312,2,,,,0.2611,0
15237299,19:26:59,19:26:59,11969,3,,,,0.4802,0
15237299,19:27:55,19:27:55,9314,4,,,,0.9312,0
15237299,19:28:15,19:28:15,10171,5,,,,1.0988,0
15237299,19:29:04,19:29:04,9316,6,,,,1.4943,0
15237299,19:29:31,19:29:31,9317,7,,,,1.7168,0
15237299,19:30:04,19:30:04,9318,8,,,,1.9873,0
15237299,19:30:34,19:30:34,12270,9,,,,2.2353,0
15237299,19:31:15,19:31:15,12271,10,,,,2.5644,0
15237299,19:31:58,19:31:58,12272,11,,,,2.9163,0
15237299,19:32:31,19:32:31,12273,12,,,,3.1841,0
15237299,19:33:36,19:33:36,3206,13,,,,3.7126,0
15237299,19:34:32,19:34:32,3207,14,,,,4.1631,0
15237299,19:35:31,19:35:31,3214,15,,,,4.6363,0
15237299,19:36:11,19:36:11,3215,16,,,,4.9575,0
15237299,19:36:57,19:36:57,3216,17,,,,5.3265,0
15237299,19:38:00,19:38:00,10860,18,,1,,5.7705,1
15237298,18:55:00,18:55:00,9179,1,,,,,1
15237298,18:55:35,18:55:35,9312,2,,,,0.2611,0
15237298,18:56:04,18:56:04,11969,3,,,,0.4802,0
15237298,18:57:04,18:57:04,9314,4,,,,0.9312,0
15237298,18:57:26,18:57:26,10171,5,,,,1.0988,0
15237298,18:58:19,18:58:19,9316,6,,,,1.4943,0
15237298,18:58:49,18:58:49,9317,7,,,,1.7168,0
15237298,18:59:25,18:59:25,9318,8,,,,1.9873,0
15237298,18:59:58,18:59:58,12270,9,,,,2.2353,0
15237298,19:00:42,19:00:42,12271,10,,,,2.5644,0
15237298,19:01:29,19:01:29,12272,11,,,,2.9163,0
15237298,19:02:05,19:02:05,12273,12,,,,3.1841,0
15237298,19:03:16,19:03:16,3206,13,,,,3.7126,0
15237298,19:04:16,19:04:16,3207,14,,,,4.1631,0
15237298,19:05:19,19:05:19,3214,15,,,,4.6363,0
15237298,19:06:02,19:06:02,3215,16,,,,4.9575,0
15237298,19:06:51,19:06:51,3216,17,,,,5.3265,0
15237298,19:08:00,19:08:00,10860,18,,1,,5.7705,1
15237293,14:28:00,14:28:00,9179,1,,,,,1
15237293,14:28:35,14:28:35,9312,2,,,,0.2611,0
15237293,14:29:04,14:29:04,11969,3,,,,0.4802,0
15237293,14:30:04,14:30:04,9314,4,,,,0.9312,0
15237293,14:30:26,14:30:26,10171,5,,,,1.0988,0
15237293,14:31:19,14:31:19,9316,6,,,,1.4943,0
15237293,14:31:49,14:31:49,9317,7,,,,1.7168,0
15237293,14:32:25,14:32:25,9318,8,,,,1.9873,0
15237293,14:32:58,14:32:58,12270,9,,,,2.2353,0
15237293,14:33:42,14:33:42,12271,10,,,,2.5644,0
15237293,14:34:29,14:34:29,12272,11,,,,2.9163,0
15237293,14:35:05,14:35:05,12273,12,,,,3.1841,0
15237293,14:36:16,14:36:16,3206,13,,,,3.7126,0
15237293,14:37:16,14:37:16,3207,14,,,,4.1631,0
15237293,14:38:19,14:38:19,3214,15,,,,4.6363,0
15237293,14:39:02,14:39:02,3215,16,,,,4.9575,0
15237293,14:39:51,14:39:51,3216,17,,,,5.3265,0
15237293,14:41:00,14:41:00,10860,18,,1,,5.7705,1
15237292,13:56:00,13:56:00,9179,1,,,,,1
15237292,13:56:35,13:56:35,9312,2,,,,0.2611,0
15237292,13:57:04,13:57:04,11969,3,,,,0.4802,0
15237292,13:58:04,13:58:04,9314,4,,,,0.9312,0
15237292,13:58:26,13:58:26,10171,5,,,,1.0988,0
15237292,13:59:19,13:59:19,9316,6,,,,1.4943,0
15237292,13:59:49,13:59:49,9317,7,,,,1.7168,0
15237292,14:00:25,14:00:25,9318,8,,,,1.9873,0
15237292,14:00:58,14:00:58,12270,9,,,,2.2353,0
15237292,14:01:42,14:01:42,12271,10,,,,2.5644,0
15237292,14:02:29,14:02:29,12272,11,,,,2.9163,0
15237292,14:03:05,14:03:05,12273,12,,,,3.1841,0
15237292,14:04:16,14:04:16,3206,13,,,,3.7126,0
15237292,14:05:16,14:05:16,3207,14,,,,4.1631,0
15237292,14:06:19,14:06:19,3214,15,,,,4.6363,0
15237292,14:07:02,14:07:02,3215,16,,,,4.9575,0
15237292,14:07:51,14:07:51,3216,17,,,,5.3265,0
15237292,14:09:00,14:09:00,10860,18,,1,,5.7705,1
15237291,13:26:00,13:26:00,9179,1,,,,,1
15237291,13:26:35,13:26:35,9312,2,,,,0.2611,0
15237291,13:27:04,13:27:04,11969,3,,,,0.4802,0
15237291,13:28:04,13:28:04,9314,4,,,,0.9312,0
15237291,13:28:26,13:28:26,10171,5,,,,1.0988,0
15237291,13:29:19,13:29:19,9316,6,,,,1.4943,0
15237291,13:29:49,13:29:49,9317,7,,,,1.7168,0
15237291,13:30:25,13:30:25,9318,8,,,,1.9873,0
15237291,13:30:58,13:30:58,12270,9,,,,2.2353,0
15237291,13:31:42,13:31:42,12271,10,,,,2.5644,0
15237291,13:32:29,13:32:29,12272,11,,,,2.9163,0
15237291,13:33:05,13:33:05,12273,12,,,,3.1841,0
15237291,13:34:16,13:34:16,3206,13,,,,3.7126,0
15237291,13:35:16,13:35:16,3207,14,,,,4.1631,0
15237291,13:36:19,13:36:19,3214,15,,,,4.6363,0
15237291,13:37:02,13:37:02,3215,16,,,,4.9575,0
15237291,13:37:51,13:37:51,3216,17,,,,5.3265,0
15237291,13:39:00,13:39:00,10860,18,,1,,5.7705,1
15237290,16:20:00,16:20:00,12332,1,,,,,1
15237290,16:21:06,16:21:06,3181,2,,,,0.397,0
15237290,16:22:02,16:22:02,3182,3,,,,0.739,0
15237290,16:23:08,16:23:08,11198,4,,,,1.1391,0
15237290,16:23:48,16:23:48,3184,5,,,,1.3799,0
15237290,16:24:45,16:24:45,12240,6,,,,1.7275,0
15237290,16:26:56,16:26:56,12266,7,,,,2.5152,0
15237290,16:28:48,16:28:48,12267,8,,,,3.1889,0
15237290,16:29:54,16:29:54,10705,9,,,,3.5892,0
15237290,16:30:39,16:30:39,3935,10,,,,3.862,0
15237290,16:31:12,16:31:12,3936,11,,,,4.0638,0
15237290,16:32:08,16:32:08,3937,12,,,,4.4057,0
15237290,16:32:44,16:32:44,3938,13,,,,4.625,0
15237290,16:33:21,16:33:21,3939,14,,,,4.8523,0
15237290,16:34:11,16:34:11,3940,15,,,,5.1551,0
15237290,16:35:19,16:35:19,11967,16,,,,5.5645,0
15237290,16:35:54,16:35:54,3942,17,,,,5.7764,0
15237290,16:36:25,16:36:25,3943,18,,,,5.9648,0
15237290,16:37:00,16:37:00,3944,19,,1,,6.1321,1
15237297,18:24:00,18:24:00,9179,1,,,,,1
15237297,18:24:35,18:24:35,9312,2,,,,0.2611,0
15237297,18:25:04,18:25:04,11969,3,,,,0.4802,0
15237297,18:26:04,18:26:04,9314,4,,,,0.9312,0
15237297,18:26:26,18:26:26,10171,5,,,,1.0988,0
15237297,18:27:19,18:27:19,9316,6,,,,1.4943,0
15237297,18:27:49,18:27:49,9317,7,,,,1.7168,0
15237297,18:28:25,18:28:25,9318,8,,,,1.9873,0
15237297,18:28:58,18:28:58,12270,9,,,,2.2353,0
15237297,18:29:42,18:29:42,12271,10,,,,2.5644,0
15237297,18:30:29,18:30:29,12272,11,,,,2.9163,0
15237297,18:31:05,18:31:05,12273,12,,,,3.1841,0
15237297,18:32:16,18:32:16,3206,13,,,,3.7126,0
15237297,18:33:16,18:33:16,3207,14,,,,4.1631,0
15237297,18:34:19,18:34:19,3214,15,,,,4.6363,0
15237297,18:35:02,18:35:02,3215,16,,,,4.9575,0
15237297,18:35:51,18:35:51,3216,17,,,,5.3265,0
15237297,18:37:00,18:37:00,10860,18,,1,,5.7705,1
15237296,17:55:00,17:55:00,9179,1,,,,,1
15237296,17:55:35,17:55:35,9312,2,,,,0.2611,0
15237296,17:56:04,17:56:04,11969,3,,,,0.4802,0
15237296,17:57:04,17:57:04,9314,4,,,,0.9312,0
15237296,17:57:26,17:57:26,10171,5,,,,1.0988,0
15237296,17:58:19,17:58:19,9316,6,,,,1.4943,0
15237296,17:58:49,17:58:49,9317,7,,,,1.7168,0
15237296,17:59:25,17:59:25,9318,8,,,,1.9873,0
15237296,17:59:58,17:59:58,12270,9,,,,2.2353,0
15237296,18:00:42,18:00:42,12271,10,,,,2.5644,0
15237296,18:01:29,18:01:29,12272,11,,,,2.9163,0
15237296,18:02:05,18:02:05,12273,12,,,,3.1841,0
15237296,18:03:16,18:03:16,3206,13,,,,3.7126,0
15237296,18:04:16,18:04:16,3207,14,,,,4.1631,0
15237296,18:05:19,18:05:19,3214,15,,,,4.6363,0
15237296,18:06:02,18:06:02,3215,16,,,,4.9575,0
15237296,18:06:51,18:06:51,3216,17,,,,5.3265,0
15237296,18:08:00,18:08:00,10860,18,,1,,5.7705,1
15237295,16:26:00,16:26:00,9179,1,,,,,1
15237295,16:26:35,16:26:35,9312,2,,,,0.2611,0
15237295,16:27:04,16:27:04,11969,3,,,,0.4802,0
15237295,16:28:04,16:28:04,9314,4,,,,0.9312,0
15237295,16:28:26,16:28:26,10171,5,,,,1.0988,0
15237295,16:29:19,16:29:19,9316,6,,,,1.4943,0
15237295,16:29:49,16:29:49,9317,7,,,,1.7168,0
15237295,16:30:25,16:30:25,9318,8,,,,1.9873,0
15237295,16:30:58,16:30:58,12270,9,,,,2.2353,0
15237295,16:31:42,16:31:42,12271,10,,,,2.5644,0
15237295,16:32:29,16:32:29,12272,11,,,,2.9163,0
15237295,16:33:05,16:33:05,12273,12,,,,3.1841,0
15237295,16:34:16,16:34:16,3206,13,,,,3.7126,0
15237295,16:35:16,16:35:16,3207,14,,,,4.1631,0
15237295,16:36:19,16:36:19,3214,15,,,,4.6363,0
15237295,16:37:02,16:37:02,3215,16,,,,4.9575,0
15237295,16:37:51,16:37:51,3216,17,,,,5.3265,0
15237295,16:39:00,16:39:00,10860,18,,1,,5.7705,1
15237294,15:57:00,15:57:00,9179,1,,,,,1
15237294,15:57:35,15:57:35,9312,2,,,,0.2611,0
15237294,15:58:04,15:58:04,11969,3,,,,0.4802,0
15237294,15:59:04,15:59:04,9314,4,,,,0.9312,0
15237294,15:59:26,15:59:26,10171,5,,,,1.0988,0
15237294,16:00:19,16:00:19,9316,6,,,,1.4943,0
15237294,16:00:49,16:00:49,9317,7,,,,1.7168,0
15237294,16:01:25,16:01:25,9318,8,,,,1.9873,0
15237294,16:01:58,16:01:58,12270,9,,,,2.2353,0
15237294,16:02:42,16:02:42,12271,10,,,,2.5644,0
15237294,16:03:29,16:03:29,12272,11,,,,2.9163,0
15237294,16:04:05,16:04:05,12273,12,,,,3.1841,0
15237294,16:05:16,16:05:16,3206,13,,,,3.7126,0
15237294,16:06:16,16:06:16,3207,14,,,,4.1631,0
15237294,16:07:19,16:07:19,3214,15,,,,4.6363,0
15237294,16:08:02,16:08:02,3215,16,,,,4.9575,0
15237294,16:08:51,16:08:51,3216,17,,,,5.3265,0
15237294,16:10:00,16:10:00,10860,18,,1,,5.7705,1
14971743,13:02:00,13:02:00,4461,1,,,,,1
14971743,13:06:12,13:06:12,4463,2,,,,1.2794,0
14971743,13:09:53,13:09:53,12685,3,,,,2.4037,0
14971743,13:11:49,13:11:49,4456,4,,,,2.9956,0
14971743,13:13:46,13:13:46,11929,5,,,,3.5928,0
14971743,13:19:18,13:19:18,4459,6,,,,5.2794,0
14971743,13:21:37,13:21:37,4212,7,,,,5.9845,0
14971743,13:25:35,13:25:35,3994,8,,,,7.193,0
14971743,13:30:49,13:30:49,11598,9,,,,8.7871,0
14971743,13:34:00,13:34:00,12902,10,,1,,9.7371,1
14971742,12:51:00,12:51:00,4461,1,,,,,1
14971742,12:55:12,12:55:12,4463,2,,,,1.2794,0
14971742,12:58:53,12:58:53,12685,3,,,,2.4037,0
14971742,13:00:49,13:00:49,4456,4,,,,2.9956,0
14971742,13:02:46,13:02:46,11929,5,,,,3.5928,0
14971742,13:08:18,13:08:18,4459,6,,,,5.2794,0
14971742,13:10:37,13:10:37,4212,7,,,,5.9845,0
14971742,13:14:35,13:14:35,3994,8,,,,7.193,0
